-- phpMyAdmin SQL Dump
-- version 3.3.9
-- http://www.phpmyadmin.net
--
-- Host: localhost
-- Generation Time: Apr 21, 2011 at 12:01 AM
-- Server version: 5.5.8
-- PHP Version: 5.3.5

SET FOREIGN_KEY_CHECKS=0;
SET SQL_MODE="NO_AUTO_VALUE_ON_ZERO";


/*!40101 SET @OLD_CHARACTER_SET_CLIENT=@@CHARACTER_SET_CLIENT */;
/*!40101 SET @OLD_CHARACTER_SET_RESULTS=@@CHARACTER_SET_RESULTS */;
/*!40101 SET @OLD_COLLATION_CONNECTION=@@COLLATION_CONNECTION */;
/*!40101 SET NAMES utf8 */;

--
-- Database: `ak_invoices`
--

-- --------------------------------------------------------

--
-- Table structure for table `billingreport`
--

DROP TABLE IF EXISTS `billingreport`;
CREATE TABLE IF NOT EXISTS `billingreport` (
  `id` int(9) unsigned zerofill NOT NULL AUTO_INCREMENT,
  `ISA13` int(9) unsigned zerofill NOT NULL,
  `GS06` int(3) unsigned zerofill NOT NULL,
  `BHT03` int(3) unsigned zerofill NOT NULL,
  `pfile` varchar(45) NOT NULL,
  PRIMARY KEY (`id`)
) ENGINE=InnoDB  DEFAULT CHARSET=latin1 AUTO_INCREMENT=26 ;

--
-- Dumping data for table `billingreport`
--

INSERT INTO `billingreport` (`id`, `ISA13`, `GS06`, `BHT03`, `pfile`) VALUES
(000000001, 000000999, 499, 499, 'temp.837'),
(000000002, 000000999, 499, 499, 'P11041503901000v001.837'),
(000000003, 000000999, 499, 499, 'P11041503901000v001.837'),
(000000004, 000000999, 499, 499, 'P11041503901000v001.837'),
(000000005, 000000999, 499, 499, 'P11041503901000v001.837'),
(000000006, 000001000, 500, 500, 'P11041503901000v001.837'),
(000000007, 000001001, 501, 501, 'P11041503901000v001.837'),
(000000008, 000001002, 502, 502, 'P11041503901000v001.837'),
(000000009, 000001003, 503, 503, 'P11041803901000v004.837'),
(000000010, 000001004, 504, 504, 'P11041803901000v005.837'),
(000000011, 000001005, 505, 505, 'P11041803901000v006.837'),
(000000012, 000001006, 506, 506, 'P11041803901000v007.837'),
(000000013, 000001007, 507, 507, 'P11041903901000v001.837'),
(000000014, 000001008, 508, 508, 'P11041903901000v002.837'),
(000000015, 000001009, 509, 509, 'P11041903901000v003.837'),
(000000016, 000001010, 510, 510, 'P11041903901000v004.837'),
(000000017, 000001011, 511, 511, 'P11041903901000v005.837'),
(000000018, 000001012, 512, 512, 'P11041903901000v006.837'),
(000000019, 000001013, 513, 513, 'P11041903901000v008.837'),
(000000020, 000001014, 514, 514, 'P11041903901000v009.837'),
(000000021, 000001015, 515, 515, 'P11041903901000v010.837'),
(000000022, 000001016, 516, 516, 'P11041903901000v011.837'),
(000000023, 000001017, 517, 517, 'P11041903901000v012.837'),
(000000024, 000001018, 518, 518, 'P11041903901000v013.837'),
(000000025, 000001019, 519, 519, 'P11041903901000v014.837');

-- --------------------------------------------------------

--
-- Table structure for table `customer`
--

DROP TABLE IF EXISTS `customer`;
CREATE TABLE IF NOT EXISTS `customer` (
  `customer_num` int(8) unsigned zerofill NOT NULL AUTO_INCREMENT,
  `comp_name` varchar(255) DEFAULT NULL,
  PRIMARY KEY (`customer_num`)
) ENGINE=InnoDB  DEFAULT CHARSET=latin1 AUTO_INCREMENT=68799981 ;

--
-- Dumping data for table `customer`
--

INSERT INTO `customer` (`customer_num`, `comp_name`) VALUES
(00000000, 'ACME, Inc.'),
(00011111, 'JOBS THAT NEED TO BE SURFACED'),
(00077777, 'CREDIT CARD'),
(03900401, 'VA MEDICAL CENTER - BEDFORD'),
(03900402, 'VA MEDICAL CENTER - NEWINGTON'),
(03900403, 'VA MEDICAL CENTER - PROVIDENCE'),
(03900404, 'VA MEDICAL CENTER -WHITE RIVER'),
(03900405, 'VAMC - TOGUS - PROSTHETICS'),
(03900406, 'VA MEDICAL CENTER - WEST HAVEN'),
(03900407, 'VA MEDICAL CENTER - MANCHESTER'),
(03900408, 'VA MEDICAL CENTER - LEEDS'),
(03900409, 'VAMC TOGUS PROSTHETICS'),
(03901001, 'FAMILY EYE CARE CENTER'),
(03901002, 'SITKA VISION CLINIC'),
(03901003, 'ADVENTURES IN EYE CARE'),
(03901004, 'PALMER VISION CLINIC'),
(03901005, 'EDWARD BANCROFT OD'),
(03901006, 'KENAI VISION CENTER / CR. CARD'),
(03901007, 'SITENGA EYE ASSOCIATES'),
(03901008, 'PRECISION EYE CARE'),
(03901009, 'ACCURATE VISION CLINIC'),
(03901010, 'DR. LOUNSBURY'),
(03901011, 'GLACIER OPTICAL'),
(03901012, 'DR. NYBOER & ASSOCIATES'),
(03901013, 'EYE CLINIC OF FAIRBANKS'),
(03901014, 'EYE CLINIC OF FAIRBANKS'),
(03901016, 'EAGLE RIVER VISION CLINIC'),
(03901017, 'TURNAGAIN EYE CARE CLINIC'),
(03901018, 'ALASKA EYE CARE CENTERS'),
(03901019, 'VIRGINIA R. LIND O.D.'),
(03901020, 'YUKON KUSKOKWIM HEALTH CORP.'),
(03901021, 'NORTHERN LIGHTS EYE CARE&WEAR'),
(03901022, 'TCC EYE CLINIC'),
(03901023, 'SOLDOTNA OPTOMETRY CLINIC'),
(03901025, 'DENALI VISION CLINIC'),
(03901026, 'CHUGACH EYE CLINIC&OPTICAL INC'),
(03901027, 'ALASKA VISION CLINIC'),
(03901028, 'SOUTHCENTRAL FOUNDATION OPT.'),
(03901029, 'KETCHIKAN EYE CARE CENTER'),
(03901030, 'PRISM OPTICAL INC.'),
(03901032, 'LIFETIME EYE CARE /CREDIT CARD'),
(03901033, 'ULTRA EYEWEAR'),
(03901034, 'COOK INLET EYECARE'),
(03901035, 'SITKA SEARHC EYE CLINIC'),
(03901036, 'EYECARE EXCELLENCE-DR. J.SHANK'),
(03901037, 'BOYD L. WALKER, O.D.'),
(03901038, 'JUNEAU SEARHC EYE CLINIC'),
(03901041, 'BBAHC-OPTOMETRY'),
(03901043, 'NORTON SOUND HEALTH CORP.'),
(03901044, 'KODIAK VISION CLINIC'),
(03901046, 'ALASKA EYE CARE CENTERS'),
(03901047, 'ALASKA OPTICAL SERVICE'),
(03901049, 'T.B. MCLAUGHLIN O.D., APC'),
(03901052, 'CAPSTONE EYE CLINIC'),
(03901056, 'ALASKA VISION CTR., INC.'),
(03901058, 'THE EYE GUYS'),
(03901059, 'MAKAR EYECARE'),
(03901060, 'PARKWAY EYECARE'),
(03901062, 'LAKE OTIS OPTICAL'),
(03901064, 'SPECS IN THE CITY - JUNEAU'),
(03901067, 'GOLDEN NORTH OPTICS, INC.'),
(03901068, 'MCINTYRE OPTOMETRY SERVICES'),
(03901072, 'D.J. KOSTERMAN, OD, LLC'),
(03901076, 'COTTONWOOD TREATMENT CENTER'),
(03901077, 'WOLF EYE CENTER'),
(03901078, 'EBERLE EYECARE'),
(03937923, 'VA OUTPATIENT CLINIC'),
(04900318, 'CHARLES ANDERSON'),
(04901260, 'BRET ROBINSON'),
(04903099, 'VICKEY R JEFFERS'),
(04903777, 'GARY DAVIS'),
(04904711, 'CYNTHIA K SCHARF'),
(04905009, 'MATARUSO, CAROL'),
(04907612, 'CHARLES BENTEL'),
(04907805, 'JEFFREY BRISTOL'),
(04914606, 'GENESIS VISION'),
(04914626, 'ANDREW SPARKS'),
(04937840, 'BRENDA BECK'),
(05000001, 'SPENCERPORT OPTICAL'),
(05000012, 'OUTER BANKS EYE CARE'),
(05000021, 'EYE RX'),
(05000030, 'NEWPORT OPTICAL INC'),
(05000035, 'DR. BOB ROSEMARK'),
(05000059, 'FAMILY OPTICAL'),
(05000082, 'ENCORE OPTICS, LLC'),
(05000086, 'PITTSFORD VISION/STERLING'),
(05000186, 'OCUTIQUE, INC'),
(05000211, 'COUNCIL OPTICIANS'),
(05000576, 'OSCAR NI OD, INC'),
(05000633, 'TOWN PARK OPTICAL'),
(05000766, 'MORGAN OPTICAL'),
(05000778, 'STYLE N EYES'),
(05000888, 'BOSTON EYEWORKS'),
(05001190, 'EYE CARE FOR YOU'),
(05001418, 'DR. BOB ROSEMARK II'),
(05001420, 'LONGWELL OPTICAL'),
(05001515, 'BUFFALO''S BEST OPTICIANS'),
(05001620, 'BUFFALO OPTICAL COMPANY INC'),
(05001720, 'GITLIN OPTICAL COMPANY'),
(05001776, 'CAREY JOHNSON OPTICAL'),
(05001911, 'THE TOWPATH OPTICIAN'),
(05002024, 'MICHAELS EYECARE,  INC'),
(05002110, 'AKRON VILLAGE OPTICAL'),
(05002233, 'WAYNE REGIONAL EYE CENTER'),
(05002264, 'BLASDELL VILLAGE OPTICAL'),
(05002285, 'SUPERIOR OPTICAL'),
(05002354, 'VILLAGE OPTICAL'),
(05002396, 'GOWANDA EYECARE'),
(05002442, 'STEWART OPTICIANS'),
(05002508, 'FAMILY OPTOMETRIC CARE PC'),
(05002550, 'EASTVIEW VISION/STERLING'),
(05002569, 'OPTICAL OPTIONS'),
(05002675, 'POTSDAM OPTICAL CENTER'),
(05002911, 'MIND 1ST USA'),
(05002929, 'DR PAUL DELANGE'),
(05003187, 'GRAND ISLAND OPTICAL'),
(05003199, 'W FRED WABY, INC'),
(05003365, 'LAKE PLAINS EYE CENTER'),
(05003430, 'SHAW OPTICIANS'),
(05003577, 'FEDORA OPTICAL, INC'),
(05004119, 'THE AVENUE OPTICIANS'),
(05004136, 'CREIGHTON OPTICAL'),
(05004159, 'EYEWEAR PLUS'),
(05004227, 'HOFFMAN OPTICAL'),
(05004504, 'VISION OPTICAL'),
(05004525, 'JOHN M BRZEZICKI, JR, OD'),
(05004600, 'ELEGANCE OPTIQUE'),
(05004670, 'RENNA OPTICAL'),
(05004708, 'LAURY OPTICIANS'),
(05004737, 'CORNER OPTICAL'),
(05004756, 'DAVID W FOX, OD'),
(05004822, 'HORNELL EYE ASSOCIATES'),
(05005075, 'WARSAW OPTICIANS, INC'),
(05005118, 'LAKE OTIS OPTICAL, LLC'),
(05005455, 'SUNSET OPTICS'),
(05005497, 'AM-CLAR OPTICAL/STERLING OPT'),
(05005555, 'STE MARIE OPTICIANS'),
(05005970, 'SOUTHTOWN VISION'),
(05006000, 'DR. DOUGLAS RICKERT'),
(05006075, 'MOHAWK VISION'),
(05006093, 'SOUTHPARK OPTICAL'),
(05006200, 'VIVA OPTIQUE INC'),
(05006300, 'MICHAEL LAHOOD, MD, PC'),
(05006369, 'COUNCIL OPTOMETRIC CTR LOC 2'),
(05006666, 'GOLD CIRCLE OPTICAL'),
(05006791, 'HARDINGER & CLEMENT OPTICIAN'),
(05006833, 'CURRY''S SPECTACLE SHOP'),
(05006924, 'THE SPEC SHOP/ LOC 2'),
(05007262, 'DR. MARK SORRENTINO'),
(05007373, 'ANTHONY IANNUCCILLO OD'),
(05007400, 'MICHAEL LACK, OD'),
(05007434, 'TOMASIK OPTICAL, LLC'),
(05007466, 'SHADES OPTICAL'),
(05007514, 'OPTIVISION OF CORTLAND'),
(05007572, 'MAIN PLACE OPTICAL/STERLING'),
(05007601, 'SPECTRUM EYECARE/JAMESTOWN OPT'),
(05007710, 'COUNCIL OPTOMETRIC CTR LOC 3'),
(05007766, 'STERLING OPTICAL NIAGARA'),
(05007976, 'SKELTON EYE CARE'),
(05008235, 'COUNCIL OPTICIANS OF LOCKPORT'),
(05008244, 'WETHERSFIELD OPTICAL'),
(05008284, 'SHARON OPTICAL'),
(05008608, 'GREAT SPECS'),
(05008883, 'DR. DYLAN H BUI, OD'),
(05009030, 'DR. TOM OPTOMETRY'),
(05009049, 'PITTSFORD OPTICAL'),
(05009121, 'RODABAUGH OPTICAL'),
(05009464, 'COUNCIL OPTOMETRIC CENTER'),
(05009540, 'BARD OPTICAL'),
(05009595, 'NEW ENGLAND EYEWEAR'),
(05009643, 'MICHAELS OPTICAL'),
(05009800, 'STERLING OPTICAL'),
(05009855, 'ELMWOOD SPECS'),
(05009890, 'WAYLAND OPTOMETRIC'),
(05101755, 'VISION HOUSE OPTICAL'),
(05102493, 'DR. KENNETH WEINER'),
(05103333, 'HAMBURG OPTICAL'),
(05104700, 'WETHERSFIELD OPTICAL'),
(05105685, 'KY OPTICAL'),
(05105691, 'CLEAR EYES OPTICAL'),
(05106719, 'DR. ROBERT DIBBLE'),
(05801076, 'WAL-MART OPTICAL'),
(05907592, 'FIRST LOOK OPTICAL LAB'),
(08002310, '21ST CENTURY OPTICS'),
(08010001, 'MC LEOD OPTICAL CO, INC'),
(08010024, 'ACCU RX, INC'),
(08506831, 'OPTICAL LABORATORY SACRAMENTO'),
(10011403, 'FACTORY STORE # 1 - LYELL'),
(10011405, 'FACTORY STORE # 2 - PERINTON'),
(10011408, 'FACTORY STORE #4 - HENRIETTA'),
(10011410, 'FACTORY RETAIL - #5 GREECE'),
(10014000, 'OFFICE OF MENTAL HEALTH/50110'),
(20112000, 'MEIJER MERRILVILLE'),
(20112001, 'MEIJER HIGHLAND'),
(20112002, 'MEIJER ELGIN'),
(20112003, 'MEIJER CAMBY'),
(20112004, 'MEIJER ALGONQUIN'),
(20112005, 'MEIJER REYNOLDSBURG'),
(20112006, 'MEIJER BOLINGBROOK'),
(20112007, 'MEIJER MCHENRY'),
(20112008, 'MEIJER GRAND RAPIDS 2425'),
(20112009, 'MEIJER GRAND RAPIDS 1997'),
(20112010, 'MEIJER JENISON'),
(20112012, 'MEIJER HOWELL'),
(20112013, 'MEIJER BATTLE CREEK 6405'),
(20112015, 'MEIJER DEWITT'),
(20112016, 'MEIJER OSWEGO'),
(20112017, 'MEIJER OKEMOS'),
(20112018, 'MEIJER GROVE CITY'),
(20112019, 'MEIJER CANAL WINCHESTER'),
(20112020, 'MEIJER BATTLE CREEK 2191'),
(68799002, 'CLASSIC EYEWEAR'),
(68799003, NULL),
(68799004, NULL),
(68799005, NULL),
(68799006, NULL),
(68799007, NULL),
(68799008, NULL),
(68799009, NULL),
(68799010, NULL),
(68799011, NULL),
(68799012, NULL),
(68799013, NULL),
(68799014, NULL),
(68799015, NULL),
(68799016, NULL),
(68799017, NULL),
(68799018, NULL),
(68799019, NULL),
(68799020, NULL),
(68799021, NULL),
(68799022, NULL),
(68799023, NULL),
(68799024, NULL),
(68799025, NULL),
(68799026, NULL),
(68799027, NULL),
(68799028, NULL),
(68799029, NULL),
(68799030, NULL),
(68799031, NULL),
(68799032, NULL),
(68799033, NULL),
(68799034, NULL),
(68799035, NULL),
(68799036, NULL),
(68799037, NULL),
(68799038, NULL),
(68799039, NULL),
(68799040, NULL),
(68799041, NULL),
(68799042, NULL),
(68799043, NULL),
(68799044, NULL),
(68799045, NULL),
(68799046, NULL),
(68799047, NULL),
(68799048, NULL),
(68799049, NULL),
(68799050, NULL),
(68799051, NULL),
(68799052, NULL),
(68799053, NULL),
(68799054, NULL),
(68799055, NULL),
(68799056, NULL),
(68799057, NULL),
(68799058, NULL),
(68799059, NULL),
(68799060, NULL),
(68799061, NULL),
(68799062, NULL),
(68799063, NULL),
(68799064, NULL),
(68799065, NULL),
(68799066, NULL),
(68799067, NULL),
(68799068, NULL),
(68799069, NULL),
(68799070, NULL),
(68799071, NULL),
(68799072, NULL),
(68799073, NULL),
(68799074, NULL),
(68799075, NULL),
(68799076, NULL),
(68799077, NULL),
(68799078, NULL),
(68799079, NULL),
(68799080, NULL),
(68799081, NULL),
(68799082, NULL),
(68799083, NULL),
(68799084, NULL),
(68799085, NULL),
(68799086, NULL),
(68799087, NULL),
(68799088, NULL),
(68799089, NULL),
(68799090, NULL),
(68799091, NULL),
(68799092, NULL),
(68799093, NULL),
(68799094, NULL),
(68799095, NULL),
(68799096, NULL),
(68799097, NULL),
(68799098, NULL),
(68799099, NULL),
(68799100, NULL),
(68799101, NULL),
(68799102, NULL),
(68799103, NULL),
(68799104, NULL),
(68799105, NULL),
(68799106, NULL),
(68799107, NULL),
(68799108, NULL),
(68799109, NULL),
(68799110, NULL),
(68799111, NULL),
(68799112, NULL),
(68799113, NULL),
(68799114, NULL),
(68799115, NULL),
(68799116, NULL),
(68799117, NULL),
(68799118, NULL),
(68799119, NULL),
(68799120, NULL),
(68799121, NULL),
(68799122, NULL),
(68799123, NULL),
(68799124, NULL),
(68799125, NULL),
(68799126, NULL),
(68799127, NULL),
(68799128, NULL),
(68799129, NULL),
(68799130, NULL),
(68799131, NULL),
(68799132, NULL),
(68799133, NULL),
(68799134, NULL),
(68799135, NULL),
(68799136, NULL),
(68799137, NULL),
(68799138, NULL),
(68799139, NULL),
(68799140, NULL),
(68799141, NULL),
(68799142, NULL),
(68799143, NULL),
(68799144, NULL),
(68799145, NULL),
(68799146, NULL),
(68799147, NULL),
(68799148, NULL),
(68799149, NULL),
(68799150, NULL),
(68799151, NULL),
(68799152, NULL),
(68799153, NULL),
(68799154, NULL),
(68799155, NULL),
(68799156, NULL),
(68799157, NULL),
(68799158, NULL),
(68799159, NULL),
(68799160, NULL),
(68799161, NULL),
(68799162, NULL),
(68799163, NULL),
(68799164, NULL),
(68799165, NULL),
(68799166, NULL),
(68799167, NULL),
(68799168, NULL),
(68799169, NULL),
(68799170, NULL),
(68799171, NULL),
(68799172, NULL),
(68799173, NULL),
(68799174, NULL),
(68799175, NULL),
(68799176, NULL),
(68799177, NULL),
(68799178, NULL),
(68799179, NULL),
(68799180, NULL),
(68799181, NULL),
(68799182, NULL),
(68799183, NULL),
(68799184, NULL),
(68799185, NULL),
(68799186, NULL),
(68799187, NULL),
(68799188, NULL),
(68799189, NULL),
(68799190, NULL),
(68799191, NULL),
(68799192, NULL),
(68799193, NULL),
(68799194, NULL),
(68799195, NULL),
(68799196, NULL),
(68799197, NULL),
(68799198, NULL),
(68799199, NULL),
(68799200, NULL),
(68799201, NULL),
(68799202, NULL),
(68799203, NULL),
(68799204, NULL),
(68799205, NULL),
(68799206, NULL),
(68799207, NULL),
(68799208, NULL),
(68799209, NULL),
(68799210, NULL),
(68799211, NULL),
(68799212, NULL),
(68799213, NULL),
(68799214, NULL),
(68799215, NULL),
(68799216, NULL),
(68799217, NULL),
(68799218, NULL),
(68799219, NULL),
(68799220, NULL),
(68799221, NULL),
(68799222, NULL),
(68799223, NULL),
(68799224, NULL),
(68799225, NULL),
(68799226, NULL),
(68799227, NULL),
(68799228, NULL),
(68799229, NULL),
(68799230, NULL),
(68799231, NULL),
(68799232, NULL),
(68799233, NULL),
(68799234, NULL),
(68799235, NULL),
(68799236, NULL),
(68799237, NULL),
(68799238, NULL),
(68799239, NULL),
(68799240, NULL),
(68799241, NULL),
(68799242, NULL),
(68799243, NULL),
(68799244, NULL),
(68799245, NULL),
(68799246, NULL),
(68799247, NULL),
(68799248, NULL),
(68799249, NULL),
(68799250, NULL),
(68799251, NULL),
(68799252, NULL),
(68799253, NULL),
(68799254, NULL),
(68799255, NULL),
(68799256, NULL),
(68799257, NULL),
(68799258, NULL),
(68799259, NULL),
(68799260, NULL),
(68799261, NULL),
(68799262, NULL),
(68799263, NULL),
(68799264, NULL),
(68799265, NULL),
(68799266, NULL),
(68799267, NULL),
(68799268, NULL),
(68799269, NULL),
(68799270, NULL),
(68799271, NULL),
(68799272, NULL),
(68799273, NULL),
(68799274, NULL),
(68799275, NULL),
(68799276, NULL),
(68799277, NULL),
(68799278, NULL),
(68799279, NULL),
(68799280, NULL),
(68799281, NULL),
(68799282, NULL),
(68799283, NULL),
(68799284, NULL),
(68799285, NULL),
(68799286, NULL),
(68799287, NULL),
(68799288, NULL),
(68799289, NULL),
(68799290, NULL),
(68799291, NULL),
(68799292, NULL),
(68799293, NULL),
(68799294, NULL),
(68799295, NULL),
(68799296, NULL),
(68799297, NULL),
(68799298, NULL),
(68799299, NULL),
(68799300, NULL),
(68799301, NULL),
(68799302, NULL),
(68799303, NULL),
(68799304, NULL),
(68799305, NULL),
(68799306, NULL),
(68799307, NULL),
(68799308, NULL),
(68799309, NULL),
(68799310, NULL),
(68799311, NULL),
(68799312, NULL),
(68799313, NULL),
(68799314, NULL),
(68799315, NULL),
(68799316, NULL),
(68799317, NULL),
(68799318, NULL),
(68799319, NULL),
(68799320, NULL),
(68799321, NULL),
(68799322, NULL),
(68799323, NULL),
(68799324, NULL),
(68799325, NULL),
(68799326, NULL),
(68799327, NULL),
(68799328, NULL),
(68799329, NULL),
(68799330, NULL),
(68799331, NULL),
(68799332, NULL),
(68799333, NULL),
(68799334, NULL),
(68799335, NULL),
(68799336, NULL),
(68799337, NULL),
(68799338, NULL),
(68799339, NULL),
(68799340, NULL),
(68799341, NULL),
(68799342, NULL),
(68799343, NULL),
(68799344, NULL),
(68799345, NULL),
(68799346, NULL),
(68799347, NULL),
(68799348, NULL),
(68799349, NULL),
(68799350, NULL),
(68799351, NULL),
(68799352, NULL),
(68799353, NULL),
(68799354, NULL),
(68799355, NULL),
(68799356, NULL),
(68799357, NULL),
(68799358, NULL),
(68799359, NULL),
(68799360, NULL),
(68799361, NULL),
(68799362, NULL),
(68799363, NULL),
(68799364, NULL),
(68799365, NULL),
(68799366, NULL),
(68799367, NULL),
(68799368, NULL),
(68799369, NULL),
(68799370, NULL),
(68799371, NULL),
(68799372, NULL),
(68799373, NULL),
(68799374, NULL),
(68799375, NULL),
(68799376, NULL),
(68799377, NULL),
(68799378, NULL),
(68799379, NULL),
(68799380, NULL),
(68799381, NULL),
(68799382, NULL),
(68799383, NULL),
(68799384, NULL),
(68799385, NULL),
(68799386, NULL),
(68799387, NULL),
(68799388, NULL),
(68799389, NULL),
(68799390, NULL),
(68799391, NULL),
(68799392, NULL),
(68799393, NULL),
(68799394, NULL),
(68799395, NULL),
(68799396, NULL),
(68799397, NULL),
(68799398, NULL),
(68799399, NULL),
(68799400, NULL),
(68799401, NULL),
(68799402, NULL),
(68799403, NULL),
(68799404, NULL),
(68799405, NULL),
(68799406, NULL),
(68799407, NULL),
(68799408, NULL),
(68799409, NULL),
(68799410, NULL),
(68799411, NULL),
(68799412, NULL),
(68799413, NULL),
(68799414, NULL),
(68799415, NULL),
(68799416, NULL),
(68799417, NULL),
(68799418, NULL),
(68799419, NULL),
(68799420, NULL),
(68799421, NULL),
(68799422, NULL),
(68799423, NULL),
(68799424, NULL),
(68799425, NULL),
(68799426, NULL),
(68799427, NULL),
(68799428, NULL),
(68799429, NULL),
(68799430, NULL),
(68799431, NULL),
(68799432, NULL),
(68799433, NULL),
(68799434, NULL),
(68799435, NULL),
(68799436, NULL),
(68799437, NULL),
(68799438, NULL),
(68799439, NULL),
(68799440, NULL),
(68799441, NULL),
(68799442, NULL),
(68799443, NULL),
(68799444, NULL),
(68799445, NULL),
(68799446, NULL),
(68799447, NULL),
(68799448, NULL),
(68799449, NULL),
(68799450, NULL),
(68799451, NULL),
(68799452, NULL),
(68799453, NULL),
(68799454, NULL),
(68799455, NULL),
(68799456, NULL),
(68799457, NULL),
(68799458, NULL),
(68799459, NULL),
(68799460, NULL),
(68799461, NULL),
(68799462, NULL),
(68799463, NULL),
(68799464, NULL),
(68799465, NULL),
(68799466, NULL),
(68799467, NULL),
(68799468, NULL),
(68799469, NULL),
(68799470, NULL),
(68799471, NULL),
(68799472, NULL),
(68799473, NULL),
(68799474, NULL),
(68799475, NULL),
(68799476, NULL),
(68799477, NULL),
(68799478, NULL),
(68799479, NULL),
(68799480, NULL),
(68799481, NULL),
(68799482, NULL),
(68799483, NULL),
(68799484, NULL),
(68799485, NULL),
(68799486, NULL),
(68799487, NULL),
(68799488, NULL),
(68799489, NULL),
(68799490, NULL),
(68799491, NULL),
(68799492, NULL),
(68799493, NULL),
(68799494, NULL),
(68799495, NULL),
(68799496, NULL),
(68799497, NULL),
(68799498, NULL),
(68799499, NULL),
(68799500, NULL),
(68799501, NULL),
(68799502, NULL),
(68799503, NULL),
(68799504, NULL),
(68799505, NULL),
(68799506, NULL),
(68799507, NULL),
(68799508, NULL),
(68799509, NULL),
(68799510, NULL),
(68799511, NULL),
(68799512, NULL),
(68799513, NULL),
(68799514, NULL),
(68799515, NULL),
(68799516, NULL),
(68799517, NULL),
(68799518, NULL),
(68799519, NULL),
(68799520, NULL),
(68799521, NULL),
(68799522, NULL),
(68799523, NULL),
(68799524, NULL),
(68799525, NULL),
(68799526, NULL),
(68799527, NULL),
(68799528, NULL),
(68799529, NULL),
(68799530, NULL),
(68799531, NULL),
(68799532, NULL),
(68799533, NULL),
(68799534, NULL),
(68799535, NULL),
(68799536, NULL),
(68799537, NULL),
(68799538, NULL),
(68799539, NULL),
(68799540, NULL),
(68799541, NULL),
(68799542, NULL),
(68799543, NULL),
(68799544, NULL),
(68799545, NULL),
(68799546, NULL),
(68799547, NULL),
(68799548, NULL),
(68799549, NULL),
(68799550, NULL),
(68799551, NULL),
(68799552, NULL),
(68799553, NULL),
(68799554, NULL),
(68799555, NULL),
(68799556, NULL),
(68799557, NULL),
(68799558, NULL),
(68799559, NULL),
(68799560, NULL),
(68799561, NULL),
(68799562, NULL),
(68799563, NULL),
(68799564, NULL),
(68799565, NULL),
(68799566, NULL),
(68799567, NULL),
(68799568, NULL),
(68799569, NULL),
(68799570, NULL),
(68799571, NULL),
(68799572, NULL),
(68799573, NULL),
(68799574, NULL),
(68799575, NULL),
(68799576, NULL),
(68799577, NULL),
(68799578, NULL),
(68799579, NULL),
(68799580, NULL),
(68799581, NULL),
(68799582, NULL),
(68799583, NULL),
(68799584, NULL),
(68799585, NULL),
(68799586, NULL),
(68799587, NULL),
(68799588, NULL),
(68799589, NULL),
(68799590, NULL),
(68799591, NULL),
(68799592, NULL),
(68799593, NULL),
(68799594, NULL),
(68799595, NULL),
(68799596, NULL),
(68799597, NULL),
(68799598, NULL),
(68799599, NULL),
(68799600, NULL),
(68799601, NULL),
(68799602, NULL),
(68799603, NULL),
(68799604, NULL),
(68799605, NULL),
(68799606, NULL),
(68799607, NULL),
(68799608, NULL),
(68799609, NULL),
(68799610, NULL),
(68799611, NULL),
(68799612, NULL),
(68799613, NULL),
(68799614, NULL),
(68799615, NULL),
(68799616, NULL),
(68799617, NULL),
(68799618, NULL),
(68799619, NULL),
(68799620, NULL),
(68799621, NULL),
(68799622, NULL),
(68799623, NULL),
(68799624, NULL),
(68799625, NULL),
(68799626, NULL),
(68799627, NULL),
(68799628, NULL),
(68799629, NULL),
(68799630, NULL),
(68799631, NULL),
(68799632, NULL),
(68799633, NULL),
(68799634, NULL),
(68799635, NULL),
(68799636, NULL),
(68799637, NULL),
(68799638, NULL),
(68799639, NULL),
(68799640, NULL),
(68799641, NULL),
(68799642, NULL),
(68799643, NULL),
(68799644, NULL),
(68799645, NULL),
(68799646, NULL),
(68799647, NULL),
(68799648, NULL),
(68799649, NULL),
(68799650, NULL),
(68799651, NULL),
(68799652, NULL),
(68799653, NULL),
(68799654, NULL),
(68799655, NULL),
(68799656, NULL),
(68799657, NULL),
(68799658, NULL),
(68799659, NULL),
(68799660, NULL),
(68799661, NULL),
(68799662, NULL),
(68799663, NULL),
(68799664, NULL),
(68799665, NULL),
(68799666, NULL),
(68799667, NULL),
(68799668, NULL),
(68799669, NULL),
(68799670, NULL),
(68799671, NULL),
(68799672, NULL),
(68799673, NULL),
(68799674, NULL),
(68799675, NULL),
(68799676, NULL),
(68799677, NULL),
(68799678, NULL),
(68799679, NULL),
(68799680, NULL),
(68799681, NULL),
(68799682, NULL),
(68799683, NULL),
(68799684, NULL),
(68799685, NULL),
(68799686, NULL),
(68799687, NULL),
(68799688, NULL),
(68799689, NULL),
(68799690, NULL),
(68799691, NULL),
(68799692, NULL),
(68799693, NULL),
(68799694, NULL),
(68799695, NULL),
(68799696, NULL),
(68799697, NULL),
(68799698, NULL),
(68799699, NULL),
(68799700, NULL),
(68799701, NULL),
(68799702, NULL),
(68799703, NULL),
(68799704, NULL),
(68799705, NULL),
(68799706, NULL),
(68799707, NULL),
(68799708, NULL),
(68799709, NULL),
(68799710, NULL),
(68799711, NULL),
(68799712, NULL),
(68799713, NULL),
(68799714, NULL),
(68799715, NULL),
(68799716, NULL),
(68799717, NULL),
(68799718, NULL),
(68799719, NULL),
(68799720, NULL),
(68799721, NULL),
(68799722, NULL),
(68799723, NULL),
(68799724, NULL),
(68799725, NULL),
(68799726, NULL),
(68799727, NULL),
(68799728, NULL),
(68799729, NULL),
(68799730, NULL),
(68799731, NULL),
(68799732, NULL),
(68799733, NULL),
(68799734, NULL),
(68799735, NULL),
(68799736, NULL),
(68799737, NULL),
(68799738, NULL),
(68799739, NULL),
(68799740, NULL),
(68799741, NULL),
(68799742, NULL),
(68799743, NULL),
(68799744, NULL),
(68799745, NULL),
(68799746, NULL),
(68799747, NULL),
(68799748, NULL),
(68799749, NULL),
(68799750, NULL),
(68799751, NULL),
(68799752, NULL),
(68799753, NULL),
(68799754, NULL),
(68799755, NULL),
(68799756, NULL),
(68799757, NULL),
(68799758, NULL),
(68799759, NULL),
(68799760, NULL),
(68799761, NULL),
(68799762, NULL),
(68799763, NULL),
(68799764, NULL),
(68799765, NULL),
(68799766, NULL),
(68799767, NULL),
(68799768, NULL),
(68799769, NULL),
(68799770, NULL),
(68799771, NULL),
(68799772, NULL),
(68799773, NULL),
(68799774, NULL),
(68799775, NULL),
(68799776, NULL),
(68799777, NULL),
(68799778, NULL),
(68799779, NULL),
(68799780, NULL),
(68799781, NULL),
(68799782, NULL),
(68799783, NULL),
(68799784, NULL),
(68799785, NULL),
(68799786, NULL),
(68799787, NULL),
(68799788, NULL),
(68799789, NULL),
(68799790, NULL),
(68799791, NULL),
(68799792, NULL),
(68799793, NULL),
(68799794, NULL),
(68799795, NULL),
(68799796, NULL),
(68799797, NULL),
(68799798, NULL),
(68799799, NULL),
(68799800, NULL),
(68799801, NULL),
(68799802, NULL),
(68799803, NULL),
(68799804, NULL),
(68799805, NULL),
(68799806, NULL),
(68799807, NULL),
(68799808, NULL),
(68799809, NULL),
(68799810, NULL),
(68799811, NULL),
(68799812, NULL),
(68799813, NULL),
(68799814, NULL),
(68799815, NULL),
(68799816, NULL),
(68799817, NULL),
(68799818, NULL),
(68799819, NULL),
(68799820, NULL),
(68799821, NULL),
(68799822, NULL),
(68799823, NULL),
(68799824, NULL),
(68799825, NULL),
(68799826, NULL),
(68799827, NULL),
(68799828, NULL),
(68799829, NULL),
(68799830, NULL),
(68799831, NULL),
(68799832, NULL),
(68799833, NULL),
(68799834, NULL),
(68799835, NULL),
(68799836, NULL),
(68799837, NULL),
(68799838, NULL),
(68799839, NULL),
(68799840, NULL),
(68799841, NULL),
(68799842, NULL),
(68799843, NULL),
(68799844, NULL),
(68799845, NULL),
(68799846, NULL),
(68799847, NULL),
(68799848, NULL),
(68799849, NULL),
(68799850, NULL),
(68799851, NULL),
(68799852, NULL),
(68799853, NULL),
(68799854, NULL),
(68799855, NULL),
(68799856, NULL),
(68799857, NULL),
(68799858, NULL),
(68799859, NULL),
(68799860, NULL),
(68799861, NULL),
(68799862, NULL),
(68799863, NULL),
(68799864, NULL),
(68799865, NULL),
(68799866, NULL),
(68799867, NULL),
(68799868, NULL),
(68799869, NULL),
(68799870, NULL),
(68799871, NULL),
(68799872, NULL),
(68799873, NULL),
(68799874, NULL),
(68799875, NULL),
(68799876, NULL),
(68799877, NULL),
(68799878, NULL),
(68799879, NULL),
(68799880, NULL),
(68799881, NULL),
(68799882, NULL),
(68799883, NULL),
(68799884, NULL),
(68799885, NULL),
(68799886, NULL),
(68799887, NULL),
(68799888, NULL),
(68799889, NULL),
(68799890, NULL),
(68799891, NULL),
(68799892, NULL),
(68799893, NULL),
(68799894, NULL),
(68799895, NULL),
(68799896, NULL),
(68799897, NULL),
(68799898, NULL),
(68799899, NULL),
(68799900, NULL),
(68799901, NULL),
(68799902, NULL),
(68799903, NULL),
(68799904, NULL),
(68799905, NULL),
(68799906, NULL),
(68799907, NULL),
(68799908, NULL),
(68799909, NULL),
(68799910, NULL),
(68799911, NULL),
(68799912, NULL),
(68799913, NULL),
(68799914, NULL),
(68799915, NULL),
(68799916, NULL),
(68799917, NULL),
(68799918, NULL),
(68799919, NULL),
(68799920, NULL),
(68799921, NULL),
(68799922, NULL),
(68799923, NULL),
(68799924, NULL),
(68799925, NULL),
(68799926, NULL),
(68799927, NULL),
(68799928, NULL),
(68799929, NULL),
(68799930, NULL),
(68799931, NULL),
(68799932, NULL),
(68799933, NULL),
(68799934, NULL),
(68799935, NULL),
(68799936, NULL),
(68799937, NULL),
(68799938, NULL),
(68799939, NULL),
(68799940, NULL),
(68799941, NULL),
(68799942, NULL),
(68799943, NULL),
(68799944, NULL),
(68799945, NULL),
(68799946, NULL),
(68799947, NULL),
(68799948, NULL),
(68799949, NULL),
(68799950, NULL),
(68799951, NULL),
(68799952, NULL),
(68799953, NULL),
(68799954, NULL),
(68799955, NULL),
(68799956, NULL),
(68799957, NULL),
(68799958, NULL),
(68799959, NULL),
(68799960, NULL),
(68799961, NULL),
(68799962, NULL),
(68799963, NULL),
(68799964, NULL),
(68799965, NULL),
(68799966, NULL),
(68799967, NULL),
(68799968, NULL),
(68799969, NULL),
(68799970, NULL),
(68799971, NULL),
(68799972, NULL),
(68799973, NULL),
(68799974, NULL),
(68799975, NULL),
(68799976, NULL),
(68799977, NULL),
(68799978, NULL),
(68799979, NULL),
(68799980, NULL);

-- --------------------------------------------------------

--
-- Table structure for table `orderinfo`
--

DROP TABLE IF EXISTS `orderinfo`;
CREATE TABLE IF NOT EXISTS `orderinfo` (
  `job_id` int(10) unsigned NOT NULL,
  `customer_num` int(10) unsigned zerofill NOT NULL,
  `service_date` date NOT NULL,
  `amount` decimal(10,2) NOT NULL,
  `order_status` int(10) unsigned NOT NULL DEFAULT '0',
  `invoice_num` int(9) unsigned zerofill DEFAULT NULL,
  `recipient_id` int(10) unsigned zerofill NOT NULL,
  `patient_fname` varchar(45) NOT NULL,
  `patient_lname` varchar(45) NOT NULL,
  `patient_dob` date NOT NULL,
  `patient_gender` char(4) NOT NULL,
  `prior_auth_num` int(8) unsigned zerofill DEFAULT NULL,
  `diagnosis_code` varchar(20) NOT NULL,
  `od_sph` decimal(3,2) DEFAULT NULL,
  `od_cyl` decimal(3,2) DEFAULT NULL,
  `od_multi` varchar(20) DEFAULT NULL,
  `od_psm` varchar(20) DEFAULT NULL,
  `os_sph` decimal(3,2) DEFAULT NULL,
  `os_cyl` decimal(3,2) DEFAULT NULL,
  `os_multi` varchar(20) DEFAULT NULL,
  `os_psm` varchar(20) DEFAULT NULL,
  `frame` tinyint(1) NOT NULL DEFAULT '0',
  `tint` tinyint(1) NOT NULL DEFAULT '0',
  `slab_off` tinyint(1) NOT NULL DEFAULT '0',
  `misc_service` tinyint(1) NOT NULL DEFAULT '0',
  `misc_service_desc` varchar(255) DEFAULT NULL,
  `misc_service_cost` decimal(10,2) NOT NULL DEFAULT '0.00',
  PRIMARY KEY (`job_id`),
  KEY `orderinfo_FKIndex1` (`customer_num`)
) ENGINE=InnoDB DEFAULT CHARSET=latin1;

--
-- Dumping data for table `orderinfo`
--

INSERT INTO `orderinfo` (`job_id`, `customer_num`, `service_date`, `amount`, `order_status`, `invoice_num`, `recipient_id`, `patient_fname`, `patient_lname`, `patient_dob`, `patient_gender`, `prior_auth_num`, `diagnosis_code`, `od_sph`, `od_cyl`, `od_multi`, `od_psm`, `os_sph`, `os_cyl`, `os_multi`, `os_psm`, `frame`, `tint`, `slab_off`, `misc_service`, `misc_service_desc`, `misc_service_cost`) VALUES
(546743, 0003900401, '2011-04-12', 55.00, 1, 000560931, 0633333333, 'Vanna', 'White', '1975-07-04', 'ATFM', 00000000, '3671', 1.00, 0.00, 'SV - Single Vision', '', 2.00, 0.00, 'SV - Single Vision', '', 1, 1, 0, 0, NULL, 0.00),
(546751, 0003900401, '2011-01-30', 65.00, 1, 000550265, 4294967295, 'Donald', 'Duck', '1940-12-13', 'ATMM', 77777777, '3671', 1.00, 1.00, 'SV - Single Vision', '1', 9.99, 9.99, 'SV - Single Vision', '1', 1, 1, 1, 1, NULL, 5.00),
(546762, 0003900401, '2011-06-06', 40.00, 1, 000548636, 0000000000, 'James', 'Bond', '1964-04-08', 'ATMM', 00000000, '3671', 1.00, 4.00, 'SV - Single Vision', '5', 1.00, 4.00, 'SV - Single Vision', '5', 1, 0, 0, 1, NULL, 100.00),
(547173, 0000000000, '2011-04-18', 0.00, 0, NULL, 4294967295, 'Beyonce', 'Knowles', '1984-04-18', 'ATFM', 00000000, '3671', 2.50, 0.00, 'SV - Single Vision', '', 5.00, 5.00, 'SV - Single Vision', '', 1, 1, 0, 1, NULL, 200.00),
(550477, 0003900401, '2011-04-19', 40.00, 1, 000544675, 4294967295, 'Elvis', 'Presley', '1960-11-18', 'ATMM', 99999999, '3671', 1.00, 1.00, 'SV - Single Vision', '1', 1.00, 1.00, 'SV - Single Vision', '1', 1, 0, 0, 1, 'MISC FRAME', 45.00),
(550479, 0000000000, '2011-04-19', 0.00, 0, NULL, 4294967295, 'Bugs', 'Bunny', '1960-01-01', 'ATMP', 54564654, '3671', 1.00, 9.99, 'SV - Single Vision', '', 1.00, 2.00, 'SV - Single Vision', '', 1, 1, 0, 1, 'OTHER LENSES', 40.00),
(550515, 0003900401, '2011-04-19', 30.00, 1, 000548109, 1230712309, 'Long John', 'Silver', '1964-08-12', 'ATMM', 01234567, '3674', -1.00, 0.00, '7X28 Trifocal', '', -1.00, 0.00, '7X28 Trifocal', '', 1, 0, 0, 1, 'MISC FRAME', 123.00),
(550617, 0003900401, '2011-03-25', 30.00, 1, 000548111, 0611111111, 'Bob', 'Smith', '1978-09-04', 'ATMM', 45646455, '', 3.00, -2.00, '7x28Trifocal', '-2.2', 3.00, -2.00, '7x28Trifocal', '-2.2', 1, 1, 1, 1, NULL, 10.00),
(555557, 0003900409, '2011-03-25', 30.00, 1, 000551222, 1230712311, 'Soriano', 'Jovie', '1964-11-10', 'ATFM', 88888887, 'V720', 3.00, 0.00, 'StraightTop35', '', -3.00, 0.00, 'StraightTop35', '', 1, 1, 0, 1, NULL, 5.00),
(555561, 0003901030, '2011-01-01', 21.07, 1, 000550241, 0089789235, 'Jeremy', 'Ho', '1980-05-05', 'ATMM', 00898908, '', 3.00, 0.00, 'SingleVision', '', 3.00, 0.00, 'SingleVision', '', 0, 0, 0, 0, NULL, 0.00),
(565058, 0003901025, '2011-04-05', 25.31, 1, 000559139, 0600000001, 'Chang', 'Wunan', '1960-01-01', 'ATMM', 12345678, '', 3.00, 3.00, '7x28Trifocal', '3', 3.00, 5.00, '7x28Trifocal', '5', 0, 1, 1, 1, NULL, 8.00),
(565059, 0005106719, '2011-04-05', 12.00, 1, 000559140, 0600000002, 'Montha', 'Chang', '1960-02-01', 'ATFM', 12345678, '', 3.00, 3.00, 'StraightTop35', '3', 3.00, 5.00, 'StraightTop35', '5', 0, 1, 1, 1, NULL, 8.00),
(565060, 0003900409, '2011-04-05', 30.00, 1, 000000000, 0600000003, 'Ben', 'Chang', '1988-02-01', 'ATMM', 12345679, 'V720', 1.00, 3.00, '7X28 Trifocal', '3', 1.00, 5.00, 'Round Seg', '3', 1, 1, 1, 1, NULL, 10.00);

-- --------------------------------------------------------

--
-- Table structure for table `orderinfo_has_vcode`
--

DROP TABLE IF EXISTS `orderinfo_has_vcode`;
CREATE TABLE IF NOT EXISTS `orderinfo_has_vcode` (
  `orderinfo_job_id` int(10) unsigned NOT NULL,
  `vcode_id` int(3) unsigned zerofill NOT NULL,
  `count` int(10) NOT NULL,
  PRIMARY KEY (`orderinfo_job_id`,`vcode_id`),
  KEY `orderinfo_has_vcode_FKIndex1` (`orderinfo_job_id`),
  KEY `orderinfo_has_vcode_FKIndex2` (`vcode_id`)
) ENGINE=InnoDB DEFAULT CHARSET=latin1;

--
-- Dumping data for table `orderinfo_has_vcode`
--

INSERT INTO `orderinfo_has_vcode` (`orderinfo_job_id`, `vcode_id`, `count`) VALUES
(546743, 000, 1),
(546743, 001, 2),
(546743, 040, 1),
(546751, 000, 1),
(546751, 004, 1),
(546751, 037, 2),
(546751, 038, 2),
(546751, 040, 1),
(546751, 041, 1),
(546762, 000, 1),
(546762, 005, 2),
(546762, 038, 2),
(546762, 041, 1),
(547173, 000, 1),
(547173, 001, 1),
(547173, 009, 1),
(547173, 040, 1),
(547173, 041, 1),
(550477, 000, 1),
(550477, 004, 2),
(550477, 038, 2),
(550477, 041, 1),
(550479, 000, 1),
(550479, 004, 1),
(550479, 040, 1),
(550479, 041, 1),
(550515, 000, 1),
(550515, 029, 2),
(550515, 041, 1),
(550617, 000, 1),
(550617, 033, 2),
(550617, 037, 2),
(550617, 038, 2),
(550617, 040, 1),
(550617, 041, 1),
(555557, 000, 1),
(555557, 040, 1),
(555557, 041, 1),
(555561, 000, 1),
(555561, 001, 2),
(565058, 000, 1),
(565058, 019, 1),
(565058, 020, 1),
(565058, 033, 1),
(565058, 034, 1),
(565058, 037, 2),
(565058, 038, 2),
(565058, 040, 1),
(565058, 041, 1),
(565059, 000, 1),
(565059, 019, 1),
(565059, 020, 1),
(565059, 037, 2),
(565059, 038, 2),
(565059, 040, 1),
(565059, 041, 1),
(565060, 000, 1),
(565060, 020, 1),
(565060, 033, 1),
(565060, 037, 2),
(565060, 038, 2),
(565060, 040, 1),
(565060, 041, 1);

-- --------------------------------------------------------

--
-- Table structure for table `vcode`
--

DROP TABLE IF EXISTS `vcode`;
CREATE TABLE IF NOT EXISTS `vcode` (
  `id` int(3) unsigned zerofill NOT NULL AUTO_INCREMENT,
  `vcode` varchar(5) NOT NULL,
  `cost` decimal(10,2) NOT NULL,
  `description` varchar(255) NOT NULL,
  `bill_type` varchar(10) NOT NULL,
  PRIMARY KEY (`id`)
) ENGINE=InnoDB  DEFAULT CHARSET=latin1 AUTO_INCREMENT=42 ;

--
-- Dumping data for table `vcode`
--

INSERT INTO `vcode` (`id`, `vcode`, `cost`, `description`, `bill_type`) VALUES
(000, 'V2020', 8.43, 'STANDARD FRAME', 'FRAME'),
(001, 'V2100', 12.64, 'SPH, SV PL TO +/- 4.00', 'LENS'),
(002, 'V2101', 12.64, 'SPH, SV +/- 4.12 TO +/- 4.00', 'LENS'),
(003, 'V2102', 12.64, 'SPH, SV +/- 7.12 TO +/- 20.00', 'LENS'),
(004, 'V2103', 12.64, 'SV PL TO +/- 4.00 SPH, .12 TO 2.00 CYL', 'LENS'),
(005, 'V2104', 12.64, 'SV PL TO +/- 4.00 SPH, 2.12 TO 4.00 CYL', 'LENS'),
(006, 'V2105', 12.64, 'SV PL TO +/- 4.00 SPH, 4.25 TO 6.00 CYL', 'LENS'),
(007, 'V2107', 12.64, 'SV +/- 4.25 TO +/- 7.00 SPH, .12 TO 2.00 CYL', 'LENS'),
(008, 'V2108', 12.64, 'SV +/- 4.25 TO +/- 7.00 SPH, 2.12 TO 4.00 CYL', 'LENS'),
(009, 'V2109', 12.64, 'SV +/- 4.25 TO +/- 7.00 SPH, 4.25 TO 6.00 CYL', 'LENS'),
(010, 'V2110', 12.64, 'SV +/- 4.25 TO +/- 7.00 SPH, OVER 6.00 CYL', 'LENS'),
(011, 'V2111', 12.64, 'SV +/- 7.00 TO +/- 12.00 SPH, .25 TO 2.25 CYL', 'LENS'),
(012, 'V2112', 12.64, 'SV +/- 7.00 TO +/- 12.00 SPH, 2.25 TO 4.00 CYL', 'LENS'),
(013, 'V2113', 12.64, 'SV +/- 7.00 TO +/- 12.00 SPH, 4.25 TO 6.00 CYL', 'LENS'),
(014, 'V2114', 12.64, 'SV SPH OVER +/- 12.00', 'LENS'),
(015, 'V2200', 16.88, 'SPH, BF, PL TO +/- 4.00', 'LENS'),
(016, 'V2201', 16.88, 'SPH, BF, +/- 4.12 TO +/- 7.00', 'LENS'),
(017, 'V2202', 16.88, 'SPH, BF, +/- 7.12 TO +/- 20.00', 'LENS'),
(018, 'V2203', 16.88, 'BF, PL TO +/- 4.00 SPH, .12 TO 2.00 CYL', 'LENS'),
(019, 'V2204', 16.88, 'BF, PL TO +/- 4.00 SPH, 2.12 TO 4.00 CYL', 'LENS'),
(020, 'V2205', 16.88, 'BF, PL TO +/- 4.00 SPH, 4.25 TO 6.00 CYL', 'LENS'),
(021, 'V2206', 16.88, 'BF, PL TO +/- 4.00 SPH, OVER 6.00 CYL', 'LENS'),
(022, 'V2207', 16.88, 'BF, +/- 4.25 TO +/- 7.00 SPH, .12 TO 2.00 CYL', 'LENS'),
(023, 'V2208', 16.88, 'BF, +/- 4.25 TO +/- 7.00 SPH, 2.12 TO 4.00 CYL', 'LENS'),
(024, 'V2209', 16.88, 'BF, +/- 4.25 TO +/- 7.00 SPH, 4.25 TO 6.00 CYL', 'LENS'),
(025, 'V2211', 16.88, 'BF, +/- 7.25 TO +/- 12.00 SPH, .25 TO 2.25 CYL', 'LENS'),
(026, 'V2212', 16.88, 'BF, +/- 7.25 TO +/- 12.00 SPH, 2.25 TO 4.00 CYL', 'LENS'),
(027, 'V2214', 16.88, 'BF, SPH OVER +/- 12.00', 'LENS'),
(028, 'V2215', 16.88, 'LENTICULAR (MYODISC) BIFOCAL', 'LENS'),
(029, 'V2300', 21.08, 'SPH, TRI, PL TO +/- 4.00', 'LENS'),
(030, 'V2301', 21.08, 'SPH, TRI, +/- 4.12 TO +/- 7.00', 'LENS'),
(031, 'V2302', 21.08, 'SPH, TRI, +/- 7.12 TO +/- 20.00', 'LENS'),
(032, 'V2303', 21.08, 'TRI, PL TO +/- 4.00 SPH, .12 TO 2.00 CYL', 'LENS'),
(033, 'V2304', 21.08, 'TRI, PL TO +/- 4.00 SPH, 2.12 TO 4.00 CYL', 'LENS'),
(034, 'V2305', 21.08, 'TRI, PL TO +/- 4.00 SPH, 4.25 TO 6.00 CYL', 'LENS'),
(035, 'V2306', 21.08, 'TRI, PL TO +/- 4.00 SPH, OVER 6.00 CYL', 'LENS'),
(036, 'V2307', 21.08, 'TRI, +/- 4.25 TO +/- 7.00 SPH, .12 TO 2.00 CYL', 'LENS'),
(037, 'V2710', 10.55, 'SLAB OFF PRISM, GLASS OR PLASTIC, PER LENS', 'MISC'),
(038, 'V2715', 21.08, 'PRISM', 'MISC'),
(039, 'V2744', 0.00, 'TRANSITIONS', 'MISC'),
(040, 'V2745', 5.00, 'Addition to lens; tint, any color, solid, gradient or equal', 'MISC'),
(041, 'V2799', 0.00, 'VISION SERVICE, MISCELLANEOUS', 'MISC');

--
-- Constraints for dumped tables
--

--
-- Constraints for table `orderinfo`
--
ALTER TABLE `orderinfo`
  ADD CONSTRAINT `orderinfo_ibfk_1` FOREIGN KEY (`customer_num`) REFERENCES `customer` (`customer_num`) ON DELETE CASCADE ON UPDATE CASCADE;

--
-- Constraints for table `orderinfo_has_vcode`
--
ALTER TABLE `orderinfo_has_vcode`
  ADD CONSTRAINT `orderinfo_has_vcode_ibfk_2` FOREIGN KEY (`vcode_id`) REFERENCES `vcode` (`id`) ON DELETE CASCADE ON UPDATE CASCADE,
  ADD CONSTRAINT `orderinfo_has_vcode_ibfk_1` FOREIGN KEY (`orderinfo_job_id`) REFERENCES `orderinfo` (`job_id`) ON DELETE NO ACTION ON UPDATE NO ACTION;
SET FOREIGN_KEY_CHECKS=1;
